word;type;trans;exampl
Apfel;Noun;Apple;<<Ich esse gerne einen Apfel zum Frühstück.>> (I like to eat an apple for breakfast.)
Arbeiten;Verb;To work;<<Er arbeitet als Lehrer.>> (He works as a teacher.)
Attraktiv;Adjective;Attractive;<<Sie ist eine attraktive Frau.>> (She is an attractive woman.)
Auto;Noun;Car;<<Ich fahre mit dem Auto zur Arbeit.>> (I go to work by car.)
Buch;Noun;Book;<<Ich lese gerne ein gutes Buch.>> (I like to read a good book.)
Berg;Noun;Mountain;<<Wir planen eine Wanderung in den Bergen.>> (We are planning a hike in the mountains.)
Bleistift;Noun;Pencil;<<Hast du bitte einen Bleistift für mich?>> (Do you have a pencil for me, please?)
Blume;Noun;Flower;<<Sie hat mir eine schöne Blume geschenkt.>> (She gave me a beautiful flower.)
Brief;Noun;Letter;<<Ich schreibe einen Brief an meinen Freund.>> (I am writing a letter to my friend.)
Brille;Noun;Glasses;<<Er trägt eine Brille, um besser zu sehen.>> (He wears glasses to see better.)
Brötchen;Noun;Roll;<<Kannst du mir bitte ein Brötchen mitbringen?>> (Can you please bring me a roll?)
Bus;Noun;Bus;<<Wir nehmen den Bus, um zur Arbeit zu fahren.>> (We take the bus to go to work.)
Butter;Noun;Butter;<<Kannst du mir bitte die Butter reichen?>> (Can you please pass me the butter?)
Computer;Noun;Computer;<<Ich arbeite viel mit dem Computer.>> (I work a lot with the computer.)
Dankbar;Adjective;Grateful;<<Ich bin dir für deine Hilfe dankbar.>> (I am grateful to you for your help.)
Datum;Noun;Date;<<Kannst du mir bitte das Datum sagen?>> (Can you please tell me the date?)
Dose;Noun;Can;<<Kannst du mir bitte die Dose öffnen?>> (Can you please open the can for me?)
Draußen;Adverb;Outside;<<Die Kinder spielen draußen im Park.>> (The children are playing outside in the park.)
Drei;Number;Three;<<Ich habe drei Bücher gelesen.>> (I have read three books.)
Durst;Noun;Thirst;<<Ich habe großen Durst, ich brauche etwas zu trinken.>> (I am very thirsty, I need something to drink.)
Einfach;Adjective;Simple;<<Das ist eine einfache Aufgabe.>> (This is a simple task.)
Einladung;Noun;Invitation;<<Ich habe eine Einladung zur Geburtstagsparty bekommen.>> (I received an invitation to the birthday party.)
Eis;Noun;Ice cream;<<Im Sommer esse ich gerne Eis.>> (In the summer, I like to eat ice cream.)
Erfolg;Noun;Success;<<Sein harter Arbeit hat endlich Erfolg gebracht.>> (His hard work has finally brought success.)
Essen;Noun;Food;<<Ich koche gerne und esse gutes Essen.>> (I like to cook and eat good food.)
Familie;Noun;Family;<<Meine Familie ist sehr wichtig für mich.>> (My family is very important to me.)
Fenster;Noun;Window;<<Kannst du bitte das Fenster öffnen?>> (Can you please open the window?)
Feuer;Noun;Fire;<<Wir machen ein Feuer, um uns warm zu halten.>> (We are making a fire to keep ourselves warm.)
Flasche;Noun;Bottle;<<Kannst du mir bitte eine Flasche Wasser geben?>> (Can you please give me a bottle of water?)
Flugzeug;Noun;Airplane;<<Wir fliegen mit dem Flugzeug in den Urlaub.>> (We are flying by airplane for vacation.)
Foto;Noun;Photo;<<Ich habe viele schöne Fotos von meiner Reise gemacht.>> (I took many beautiful photos of my trip.)
Frei;Adjective;Free;<<Heute habe ich frei und kann entspannen.>> (Today I am free and can relax.)
Freund;Noun;Friend;<<Er ist mein bester Freund.>> (He is my best friend.)
Frühstück;Noun;Breakfast;<<Ich esse immer ein gesundes Frühstück.>> (I always have a healthy breakfast.)
Frühling;Noun;Spring;<<Im Frühling blühen die Blumen und es wird wärmer.>> (In spring, the flowers bloom and it gets warmer.)
Fußball;Noun;Football/Soccer;<<Ich spiele gerne Fußball in meiner Freizeit.>> (I like to play football/soccer in my free time.)
Führung;Noun;Guided tour;<<Wir haben eine interessante Führung durch das Museum gemacht.>> (We did an interesting guided tour of the museum.)
Garten;Noun;Garden;<<Ich arbeite gerne in meinem Garten.>> (I enjoy working in my garden.)
Geburtstag;Noun;Birthday;<<Heute ist mein Geburtstag.>> (Today is my birthday.)
Geld;Noun;Money;<<Kannst du mir bitte etwas Geld leihen?>> (Can you please lend me some money?)
Geschenk;Noun;Gift;<<Sie hat mir ein wunderschönes Geschenk gemacht.>> (She gave me a beautiful gift.)
Gesundheit;Noun;Health;<<Ich wünsche dir gute Gesundheit.>> (I wish you good health.)
Glas;Noun;Glass;<<Kannst du mir bitte ein Glas Wasser geben?>> (Can you please give me a glass of water?)
Gleich;Adjective/Adverb;Same/Equal;<<Die beiden Tassen sind gleich groß.>> (The two cups are the same size.)
Globus;Noun;Globe;<<Mein Sohn findet den Globus sehr interessant.>> (My son finds the globe very interesting.)
Guten Morgen;Greeting;Good morning;<<Guten Morgen! Wie geht es dir?>> (Good morning! How are you?)
Guten Tag;Greeting;Good day;<<Guten Tag! Wie kann ich Ihnen helfen?>> (Good day! How can I help you?)
Gut;Adjective;Good;<<Das Essen war sehr gut.>> (The food was very good.)
Haustier;Noun;Pet;<<Meine Tochter wünscht sich ein Haustier.>> (My daughter wants a pet.)
Haus;Noun;House;<<Wir haben ein großes Haus mit einem Garten.>> (We have a big house with a garden.)
Herbst;Noun;Autumn;<<Die Blätter fallen im Herbst von den Bäumen.>> (Leaves fall from the trees in autumn.)
Himmel;Noun;Sky;<<Der Himmel ist heute wolkenlos und blau.>> (The sky is cloudless and blue today.)
Hobby;Noun;Hobby;<<Mein Hobby ist Fotografie.>> (My hobby is photography.)
Hochzeit;Noun;Wedding;<<Sie planen eine große Hochzeit im Sommer.>> (They are planning a big wedding in summer.)
Hose;Noun;Pants;<<Ich ziehe meine Hose an, bevor ich das Haus verlasse.>> (I put on my pants before leaving the house.)
Hund;Noun;Dog;<<Mein Hund ist ein Labrador Retriever.>> (My dog is a Labrador Retriever.)
Hunger;Noun;Hunger;<<Ich habe großen Hunger nach einem langen Spaziergang.>> (I have great hunger after a long walk.)
Idee;Noun;Idea;<<Ich habe eine tolle Idee für ein neues Projekt.>> (I have a great idea for a new project.)
Imbiss;Noun;Snack;<<Ich esse oft einen kleinen Imbiss am Nachmittag.>> (I often have a small snack in the afternoon.)
Insel;Noun;Island;<<Wir planen einen Urlaub auf einer einsamen Insel.>> (We are planning a vacation on a secluded island.)
Interessant;Adjective;Interesting;<<Der Vortrag war sehr interessant und lehrreich.>> (The lecture was very interesting and informative.)
Jacke;Noun;Jacket;<<Ich ziehe meine Jacke an, weil es kalt ist.>> (I put on my jacket because it's cold.)
Jahr;Noun;Year;<<Das neue Jahr beginnt am 1. Januar.>> (The new year starts on January 1st.)
Kaffee;Noun;Coffee;<<Ich trinke gerne eine Tasse Kaffee am Morgen.>> (I enjoy a cup of coffee in the morning.)
Kamera;Noun;Camera;<<Ich habe meine Kamera mitgenommen, um Fotos zu machen.>> (I brought my camera to take photos.)
Karte;Noun;Card/Map;<<Kannst du mir bitte eine Geburtstagskarte kaufen?>> (Can you please buy me a birthday card?)
Kaufhaus;Noun;Department store;<<Ich gehe gerne in das große Kaufhaus in der Innenstadt.>> (I like to go to the big department store in the city center.)
Keller;Noun;Basement;<<Ich habe viele Sachen im Keller gelagert.>> (I have stored many things in the basement.)
Kennenlernen;Verb;To get to know;<<Ich möchte gerne neue Leute kennenlernen.>> (I would like to get to know new people.)
Kinder;Noun;Children;<<Die Kinder spielen fröhlich im Park.>> (The children are playing happily in the park.)
Kino;Noun;Cinema;<<Wir gehen heute ins Kino, um einen Film anzuschauen.>> (We are going to the cinema today to watch a movie.)
Kleid;Noun;Dress;<<Sie trägt ein elegantes Kleid für die Party.>> (She is wearing an elegant dress for the party.)
Kochen;Verb;To cook;<<Ich koche gerne für meine Familie.>> (I enjoy cooking for my family.)
Koffer;Noun;Suitcase;<<Ich packe meine Sachen in den Koffer für meine Reise.>> (I am packing my things in the suitcase for my trip.)
Kopf;Noun;Head;<<Mein Kopf tut weh, ich habe Kopfschmerzen.>> (My head hurts, I have a headache.)
Korb;Noun;Basket;<<Ich habe einen Korb voller frischer Früchte gekauft.>> (I bought a basket full of fresh fruits.)
Krankenhaus;Noun;Hospital;<<Mein Freund liegt im Krankenhaus wegen einer Operation.>> (My friend is in the hospital due to a surgery.)
Kuchen;Noun;Cake;<<Ich habe einen leckeren Schokoladenkuchen gebacken.>> (I baked a delicious chocolate cake.)
Kugelschreiber;Noun;Ballpoint pen;<<Kannst du mir bitte einen Kugelschreiber leihen?>> (Can you please lend me a ballpoint pen?)
Kuh;Noun;Cow;<<Die Kuh gibt uns frische Milch für unseren Kaffee.>> (The cow provides us with fresh milk for our coffee.)
Kühlschrank;Noun;Refrigerator;<<Ich lege die Milch in den Kühlschrank, um sie frisch zu halten.>> (I put the milk in the refrigerator to keep it fresh.)
Kunst;Noun;Art;<<Ich interessiere mich sehr für moderne Kunst.>> (I am very interested in modern art.)
Kurs;Noun;Course;<<Ich nehme an einem Englischkurs teil, um meine Sprachkenntnisse zu verbessern.>> (I am taking an English course to improve my language skills.)
Lachen;Noun/Verb;Laughter/To laugh;<<Das Lachen meiner Kinder macht mich immer glücklich.>> (The laughter of my children always makes me happy.)
Lampe;Noun;Lamp;<<Ich habe eine neue Lampe für mein Wohnzimmer gekauft.>> (I bought a new lamp for my living room.)
Länder;Noun;Countries;<<Ich habe schon viele Länder bereist.>> (I have traveled to many countries.)
Landwirtschaft;Noun;Agriculture;<<Die Landwirtschaft ist ein wichtiger Wirtschaftszweig in vielen Ländern.>> (Agriculture is an important industry in many countries.)
Laptop;Noun;Laptop;<<Ich benutze meinen Laptop für meine Arbeit und zum Surfen im Internet.>> (I use my laptop for work and browsing the internet.)
Laterne;Noun;Lantern;<<Die Laterne spendet Licht in der dunklen Nacht.>> (The lantern provides light in the dark night.)
Leben;Noun/Verb;Life/To live;<<Das Leben ist kurz, also sollten wir es genießen.>> (Life is short, so we should enjoy it.)
Lehrer;Noun;Teacher;<<Mein Vater ist ein Lehrer an einer Grundschule.>> (My father is a teacher at an elementary school.)
Leidenschaft;Noun;Passion;<<Meine Leidenschaft ist das Reisen und Entdecken neuer Kulturen.>> (My passion is traveling and exploring new cultures.)
Leiter;Noun;Ladder;<<Ich benutze eine Leiter, um auf das Dach meines Hauses zu steigen.>> (I use a ladder to climb onto the roof of my house.)
Leuchter;Noun;Flashlight;<<Ich nehme immer eine Taschenlampe mit, wenn ich nachts wandern gehe.>> (I always take a flashlight with me when I go hiking at night.)
Leute;Noun;People;<<Es waren viele Leute auf der Party.>> (There were a lot of people at the party.)
Liebe;Noun;Love;<<Die Liebe zwischen Geschwistern ist etwas Besonderes.>> (The love between siblings is something special.)
Lied;Noun;Song;<<Ich höre gerne deutsche Lieder, um meine Sprachkenntnisse zu verbessern.>> (I like listening to German songs to improve my language skills.)
Lift;Noun;Elevator;<<Wir benutzen den Lift, um in die oberen Stockwerke des Gebäudes zu gelangen.>> (We use the elevator to reach the upper floors of the building.)
Lippenstift;Noun;Lipstick;<<Sie trug einen roten Lippenstift, der gut zu ihrem Kleid passte.>> (She wore red lipstick that matched her dress.)
Löffel;Noun;Spoon;<<Kannst du mir bitte einen Löffel geben, um die Suppe zu essen?>> (Can you please give me a spoon to eat the soup?)
Löwe;Noun;Lion;<<Der Löwe ist der König der Tiere.>> (The lion is the king of animals.)
Mädchen;Noun;Girl;<<Das Mädchen spielt fröhlich im Park.>> (The girl is playing happily in the park.)
Mahlzeit;Noun;Mealtime;<<Es ist Zeit für die Mahlzeit, lass uns essen!>> (It's mealtime, let's eat!)
Maler;Noun;Painter;<<Der Maler hat ein wunderschönes Gemälde erschaffen.>> (The painter created a beautiful painting.)
Mama;Noun;Mom;<<Meine Mama ist die beste Mutter der Welt.>> (My mom is the best mother in the world.)
Mann;Noun;Man;<<Der Mann hilft der alten Dame, die Straße zu überqueren.>> (The man is helping the old lady cross the street.)
Maschine;Noun;Machine;<<Die Maschine ist kaputt und muss repariert werden.>> (The machine is broken and needs to be repaired.)
Meer;Noun;Sea;<<Der Strand liegt am Meer und bietet einen wunderschönen Blick auf den Sonnenuntergang.>> (The beach is by the sea and offers a beautiful view of the sunset.)
Meinung;Noun;Opinion;<<Jeder hat das Recht auf seine eigene Meinung.>> (Everyone has the right to their own opinion.)
Melodie;Noun;Melody;<<Die Melodie des Liedes ist sehr eingängig.>> (The melody of the song is very catchy.)
Mensch;Noun;Human;<<Der Mensch ist ein soziales Wesen.>> (Human beings are social creatures.)
Messer;Noun;Knife;<<Pass auf, das Messer ist scharf.>> (Be careful, the knife is sharp.)
Miete;Noun;Rent;<<Ich zahle meine Miete jeden Monat pünktlich.>> (I pay my rent on time every month.)
Milch;Noun;Milk;<<Kannst du bitte eine Tasse Milch für mich einschenken?>> (Can you please pour me a cup of milk?)
Minute;Noun;Minute;<<Ich warte schon seit einer Minute auf dich.>> (I've been waiting for you for a minute already.)
Missverständnis;Noun;Misunderstanding;<<Es gab ein Missverständnis in der Kommunikation.>> (There was a misunderstanding in the communication.)
Mitte;Noun;Middle;<<Die Mitte des Kreises ist der Mittelpunkt.>> (The middle of the circle is the center.)
Mittwoch;Noun;Wednesday;<<Wir treffen uns am Mittwochabend zum Abendessen.>> (We're meeting on Wednesday evening for dinner.)
Mode;Noun;Fashion;<<Sie interessiert sich sehr für Mode und hat immer die neuesten Trends im Blick.>> (She is very interested in fashion and always keeps an eye on the latest trends.)
Mond;Noun;Moon;<<Der Mond leuchtet in der Nacht am Himmel.>> (The moon shines in the night sky.)
Morgen;Noun;Morning;<<Guten Morgen! Wie hast du geschlafen?>> (Good morning! How did you sleep?)
Motorrad;Noun;Motorcycle;<<Er fährt gerne mit seinem Motorrad durch die Berge.>> (He enjoys riding his motorcycle through the mountains.)
Mund;Noun;Mouth;<<Sie hat ein breites Lächeln auf ihrem Mund.>> (She has a wide smile on her mouth.)
Musik;Noun;Music;<<Musik kann die Stimmung beeinflussen und Emotionen auslösen.>> (Music can influence mood and evoke emotions.)
Nacht;Noun;Night;<<Die Sterne leuchten am Himmel in der dunklen Nacht.>> (The stars shine in the dark night sky.)
Nagel;Noun;Nail;<<Sie hat sich den Nagel beim Heimwerken abgebrochen.>> (She broke her nail while doing DIY.)
Nase;Noun;Nose;<<Sie hat eine kleine Stupsnase.>> (She has a small button-like nose.)
Natur;Noun;Nature;<<Ich liebe es, in der Natur spazieren zu gehen und die frische Luft zu genießen.>> (I love going for walks in nature and enjoying the fresh air.)
Nebel;Noun;Fog;<<Der Nebel hüllt die Landschaft in einen geheimnisvollen Schleier.>> (The fog envelops the landscape in a mysterious veil.)
Nerv;Noun;Nerve;<<Er hat starke Nerven, um mit schwierigen Situationen umzugehen.>> (He has strong nerves to deal with difficult situations.)
Netz;Noun;Net;<<Das Internet ist ein globales Netzwerk von Computern.>> (The internet is a global network of computers.)
Neugier;Noun;Curiosity;<<Kinder haben oft eine natürliche Neugier, die ihnen hilft, die Welt zu entdecken.>> (Children often have a natural curiosity that helps them explore the world.)
Notiz;Noun;Note;<<Ich habe eine Notiz gemacht, um mich an meine Aufgaben zu erinnern.>> (I made a note to remind myself of my tasks.)
Obst;Noun;Fruit;<<Eine ausgewogene Ernährung sollte Obst und Gemüse enthalten.>> (A balanced diet should include fruits and vegetables.)
Ohr;Noun;Ear;<<Sie flüsterte ihm ins Ohr.>> (She whispered to his ear.)
Oktober;Noun;October;<<Der Oktober ist der zehnte Monat des Jahres.>> (October is the tenth month of the year.)
Ort;Noun;Place;<<Wir haben uns an einem abgelegenen Ort getroffen.>> (We met at a remote place.)
Paket;Noun;Package;<<Das Paket wurde gestern geliefert.>> (The package was delivered yesterday.)
Papier;Noun;Paper;<<Kannst du mir bitte ein Stück Papier geben?>> (Can you please give me a piece of paper?)
Park;Noun;Park;<<Wir haben einen Spaziergang im Park gemacht.>> (We took a walk in the park.)
Pasta;Noun;Pasta;<<Spaghetti Bolognese ist eine beliebte Pasta-Gericht.>> (Spaghetti Bolognese is a popular pasta dish.)
Pause;Noun;Break;<<Ich mache eine kurze Pause, um Kaffee zu trinken.>> (I'm taking a short break to have some coffee.)
Pferd;Noun;Horse;<<Sie reitet gerne auf ihrem Pferd im Wald.>> (She enjoys riding her horse in the forest.)
Pflanze;Noun;Plant;<<Die Blumen sind wunderschöne Pflanzen.>> (The flowers are beautiful plants.)
Pfund;Noun;Pound;<<Das Paket wiegt drei Pfund.>> (The package weighs three pounds.)
Pilz;Noun;Mushroom;<<Wir haben Pilze im Wald gesammelt.>> (We collected mushrooms in the forest.)
Plan;Noun;Plan;<<Er hat einen detaillierten Plan für das Projekt erstellt.>> (He created a detailed plan for the project.)
Platz;Noun;Place;<<Kannst du bitte einen Platz für mich reservieren?>> (Can you please reserve a place for me?)
Post;Noun;Mail;<<Ich habe eine Karte von meiner Freundin per Post erhalten.>> (I received a card from my friend by mail.)
Problem;Noun;Problem;<<Es gab ein Problem mit dem Computer.>> (There was a problem with the computer.)
Punkt;Noun;Point;<<Er hat alle Punkte in dem Test erreicht.>> (He scored all the points in the test.)
Qualität;Noun;Quality;<<Die Qualität dieses Produkts ist ausgezeichnet.>> (The quality of this product is excellent.)
Radtour;Noun;Bike tour;<<Wir planen eine Radtour am Wochenende.>> (We are planning a bike tour on the weekend.)
Regen;Noun;Rain;<<Es regnet heute den ganzen Tag.>> (It's raining all day today.)
Reise;Noun;Trip;<<Wir planen eine Reise nach Frankreich.>> (We are planning a trip to France.)
Rezept;Noun;Recipe;<<Ich habe ein neues Rezept für einen Kuchen ausprobiert.>> (I tried a new recipe for a cake.)
Rezept;Noun;Prescription;<<Der Arzt hat ihm ein Rezept für Medikamente ausgestellt.>> (The doctor issued him a prescription for medication.)
Richtung;Noun;Direction;<<Kannst du mir bitte die Richtung zum Bahnhof sagen?>> (Can you please tell me the direction to the train station?)
Rind;Noun;Beef;<<Wir haben Rindfleisch für das Abendessen gekauft.>> (We bought beef for dinner.)
Rosen;Noun;Roses;<<Sie hat einen Strauß roter Rosen bekommen.>> (She received a bouquet of red roses.)
Salat;Noun;Salad;<<Ich esse gerne frischen Salat zum Abendessen.>> (I like to have fresh salad for dinner.)
Schatten;Noun;Shadow;<<Der Baum wirft einen großen Schatten auf den Boden.>> (The tree casts a large shadow on the ground.)
Schlüssel;Noun;Key;<<Hast du meinen Schlüssel gesehen?>> (Have you seen my key?)
Schnee;Noun;Snow;<<Im Winter gibt es oft viel Schnee.>> (There is often a lot of snow in winter.)
Schnellzug;Noun;Express train;<<Der Schnellzug fährt direkt von Berlin nach München.>> (The express train goes directly from Berlin to Munich.)
Schuh;Noun;Shoe;<<Ich habe mir neue Schuhe gekauft.>> (I bought new shoes.)
Schule;Noun;School;<<Die Schule beginnt um 8 Uhr morgens.>> (School starts at 8 a.m.)
Schüssel;Noun;Bowl;<<Bitte reiche mir die große Schüssel.>> (Please pass me the big bowl.)
Schwester;Noun;Sister;<<Meine Schwester ist jünger als ich.>> (My sister is younger than me.)
See;Noun;Lake;<<Wir machen einen Ausflug zum Bodensee.>> (We are going on a trip to Lake Constance.)
Seife;Noun;Soap;<<Kannst du bitte die Seife geben? Ich muss meine Hände waschen.>> (Can you please pass the soap? I need to wash my hands.)
Sommer;Noun;Summer;<<Ich liebe den Sommer, besonders wegen des warmen Wetters.>> (I love summer, especially because of the warm weather.)
Sonne;Noun;Sun;<<Die Sonne scheint heute sehr hell.>> (The sun is shining very brightly today.)
Spiel;Noun;Game;<<Wir spielen oft Brettspiele am Wochenende.>> (We often play board games on weekends.)
Sport;Noun;Sport;<<Er treibt gerne Sport, besonders Basketball.>> (He likes to do sports, especially basketball.)
Sprache;Noun;Language;<<Deutsch ist seine Muttersprache.>> (German is his native language.)
Stadt;Noun;City;<<Berlin ist die Hauptstadt von Deutschland.>> (Berlin is the capital city of Germany.)
Stamm;Noun;Trunk;<<Der Baumstamm ist sehr dick.>> (The trunk of the tree is very thick.)
Strom;Noun;Electricity;<<Der Strom ist heute ausgefallen.>> (The electricity is out today.)
Stuhl;Noun;Chair;<<Setz dich bitte auf den Stuhl.>> (Please sit on the chair.)
Supermarkt;Noun;Supermarket;<<Wir müssen noch in den Supermarkt gehen, um Lebensmittel zu kaufen.>> (We still need to go to the supermarket to buy groceries.)
Tafel;Noun;Chalkboard;<<Der Lehrer schreibt Informationen auf die Tafel.>> (The teacher writes information on the chalkboard.)
Tag;Noun;Day;<<Heute ist ein schöner Tag mit viel Sonnenschein.>> (Today is a beautiful day with lots of sunshine.)
Tasche;Noun;Bag;<<Kannst du bitte meine Tasche halten, während ich meinen Schlüssel suche?>> (Can you please hold my bag while I search for my key?)
Telefon;Noun;Telephone;<<Ich muss einen wichtigen Anruf tätigen, wo ist mein Telefon?>> (I need to make an important call, where is my telephone?)
Teller;Noun;Plate;<<Stell bitte die Teller auf den Tisch, wir können zu Abend essen.>> (Please set the plates on the table, we can have dinner.)
Text;Noun;Text;<<Kannst du mir helfen, diesen Text auf Deutsch zu übersetzen?>> (Can you help me translate this text to German?)
Tisch;Noun;Table;<<Wir sitzen am Tisch und essen gemeinsam.>> (We sit at the table and eat together.)
Tomate;Noun;Tomato;<<Ich liebe frische Tomaten in meinem Salat.>> (I love fresh tomatoes in my salad.)
Tor;Noun;Gate;<<Das Tor zum Park ist geschlossen.>> (The gate to the park is closed.)
Treppe;Noun;Stairs;<<Die Treppe ist steil, sei vorsichtig.>> (The stairs are steep, be careful.)
Trockner;Noun;Dryer;<<Ich lege meine Wäsche in den Trockner, um sie zu trocknen.>> (I put my clothes in the dryer to dry them.)
Tuch;Noun;Cloth;<<Kannst du bitte das Tuch verwenden, um den Tisch abzuwischen?>> (Can you please use the cloth to wipe the table?)
Uhr;Noun;Clock;<<Die Uhr zeigt 10 Uhr an.>> (The clock shows 10 o'clock.)
Urlaub;Noun;Vacation;<<Wir planen unseren nächsten Urlaub in Italien.>> (We are planning our next vacation in Italy.)
Vase;Noun;Vase;<<Die Blumen stehen in einer schönen Vase auf dem Tisch.>> (The flowers are in a beautiful vase on the table.)
Vogel;Noun;Bird;<<Die Vögel singen fröhlich am Morgen.>> (The birds are singing happily in the morning.)
Vorhang;Noun;Curtain;<<Kannst du bitte den Vorhang schließen, es ist zu hell.>> (Can you please close the curtain, it's too bright.)
Wagen;Noun;Car;<<Ich habe einen neuen Wagen gekauft.>> (I bought a new car.)
Wald;Noun;Forest;<<Wir machen einen Spaziergang im Wald.>> (We are taking a walk in the forest.)
Wand;Noun;Wall;<<Wir haben die Wand blau gestrichen.>> (We painted the wall blue.)
Wasser;Noun;Water;<<Ich trinke gerne kaltes Wasser.>> (I like to drink cold water.)
Welle;Noun;Wave;<<Die Kinder spielen am Strand und springen über die Wellen.>> (The children are playing at the beach, jumping over the waves.)
Wetter;Noun;Weather;<<Das Wetter ist heute sonnig und warm.>> (The weather is sunny and warm today.)
Wind;Noun;Wind;<<Es weht ein starker Wind draußen.>> (There is a strong wind blowing outside.)
Wolke;Noun;Cloud;<<Die Wolken ziehen langsam über den Himmel.>> (The clouds are moving slowly across the sky.)
Wohnung;Noun;Apartment;<<Ich habe eine neue Wohnung in der Stadt gemietet.>> (I rented a new apartment in the city.)
Wort;Noun;Word;<<Kannst du mir bitte die Bedeutung dieses deutschen Worts erklären?>> (Can you please explain the meaning of this German word to me?)
Wunsch;Noun;Wish;<<Mein größter Wunsch ist es, um die Welt zu reisen.>> (My biggest wish is to travel around the world.)
Zeit;Noun;Time;<<Wir haben genug Zeit, um den Zug zu erreichen.>> (We have enough time to catch the train.)
Zettel;Noun;Note;<<Kannst du bitte einen Zettel hinterlassen, um mich zu informieren?>> (Can you please leave a note to inform me?)
Zimmer;Noun;Room;<<Das Hotelzimmer ist geräumig und komfortabel.>> (The hotel room is spacious and comfortable.)
Zitrone;Noun;Lemon;<<Ich brauche eine Zitrone, um meinen Tee zu würzen.>> (I need a lemon to zest my tea.)
Zug;Noun;Train;<<Ich nehme den Zug, um zur Arbeit zu fahren.>> (I take the train to go to work.)
Zunge;Noun;Tongue;<<Die Zunge ist ein wichtiger Teil unseres Geschmackssinns.>> (The tongue is an important part of our sense of taste.)
Zwillinge;Noun;Twins;<<Meine Geschwister sind Zwillinge, sie sind im selben Jahr geboren.>> (My siblings are twins, they were born in the same year.)
Abend;Noun;Evening;<<Wir treffen uns am Abend zum Abendessen.>> (We are meeting in the evening for dinner.)
Adresse;Noun;Address;<<Kannst du mir bitte deine Adresse geben, damit ich dich besuchen kann?>> (Can you please give me your address so I can visit you?)
Alter;Noun;Age;<<Wie alt bist du?>> (How old are you?)
Angst;Noun;Fear;<<Er hat große Angst vor Spinnen.>> (He has a great fear of spiders.)
Ankunft;Noun;Arrival;<<Die Ankunft des Flugzeugs wurde um eine Stunde verschoben.>> (The arrival of the plane was delayed by one hour.)
Anruf;Noun;Call;<<Ich erwarte einen wichtigen Anruf von meinem Chef.>> (I am expecting an important call from my boss.)
Anzug;Noun;Suit;<<Er trägt immer einen Anzug zur Arbeit.>> (He always wears a suit to work.)
Apfel;Noun;Apple;<<Ein Apfel am Tag hält den Arzt fern.>> (An apple a day keeps the doctor away.)
Arbeit;Noun;Work;<<Ich gehe zur Arbeit von Montag bis Freitag.>> (I go to work from Monday to Friday.)
Arzt;Noun;Doctor;<<Ich muss zum Arzt gehen, um meine Gesundheit zu überprüfen.>> (I need to go to the doctor to check my health.)
Asche;Noun;Ash;<<Nach dem Feuer blieb nur Asche übrig.>> (After the fire, only ash remained.)
Atem;Noun;Breath;<<Tiefe Atemzüge können helfen, Stress abzubauen.>>
Apfel;Noun;Apple;<<Ein Apfel am Tag hält den Arzt fern.>> (An apple a day keeps the doctor away.)
Arbeit;Noun;Work;<<Ich gehe zur Arbeit von Montag bis Freitag.>> (I go to work from Monday to Friday.)
Arzt;Noun;Doctor;<<Ich muss zum Arzt gehen, um meine Gesundheit zu überprüfen.>> (I need to go to the doctor to check my health.)
Asche;Noun;Ash;<<Nach dem Feuer blieb nur Asche übrig.>> (After the fire, only ash remained.)
Atem;Noun;Breath;<<Tiefe Atemzüge können helfen, Stress abzubauen.>> (Deep breaths can help reduce stress.)
Auto;Noun;Car;<<Mein neues Auto hat einen Benzinmotor.>> (My new car has a gasoline engine.)
Bahn;Noun;Train;<<Der Zug fährt um 9 Uhr ab.>> (The train departs at 9 o'clock.) 
Bank;Noun;Bank;<<Ich gehe zur Bank, um Geld abzuheben.>> (I go to the bank to withdraw money.)
Bau;Noun;Construction;<<Der Bau des neuen Gebäudes hat begonnen.>> (The construction of the new building has started.)
Baum;Noun;Tree;<<Der Baum wirft im Herbst seine Blätter ab.>> (The tree sheds its leaves in autumn.)
Berg;Noun;Mountain;<<Im Winter gehe ich gerne Skifahren in den Bergen.>> (I enjoy skiing in the mountains in winter.)
Bett;Noun;Bed;<<Nach einem langen Tag freue ich mich auf mein gemütliches Bett.>> (After a long day, I look forward to my cozy bed.)
Bein;Noun;Leg;<<Ich habe mir das Bein beim Sport verletzt.>> (I injured my leg while playing sports.)
Bild;Noun;Picture;<<Das Bild an der Wand ist sehr schön.>> (The picture on the wall is very beautiful.)
Blume;Noun;Flower;<<Mein Lieblingsblume ist die Rose.>> (My favorite flower is the rose.)
Boot;Noun;Boat;<<Im Sommer fahre ich gerne mit dem Boot auf dem See.>> (I enjoy boating on the lake in summer.)
Buch;Noun;Book;<<Ich lese gerne Bücher in meiner Freizeit.>> (I enjoy reading books in my free time.)
Bus;Noun;Bus;<<Ich nehme immer den Bus zur Arbeit.>> (I always take the bus to work.)
Butter;Noun;Butter;<<Ich esse gerne Butter auf meinem Brot.>> (I like to eat butter on my bread.)
Dach;Noun;Roof;<<Das Dach des Hauses ist mit Ziegeln gedeckt.>> (The roof of the house is covered with tiles.)
Dank;Noun;Thanks;<<Vielen Dank für Ihre Hilfe.>> (Thank you very much for your help.)
Dorf;Noun;Village;<<Das kleine Dorf liegt malerisch im Tal.>> (The small village is situated picturesquely in the valley.)
Dose;Noun;Can;<<Ich habe eine Dose Erbsen in der Speisekammer.>> (I have a can of peas in the pantry.)
Druck;Noun;Pressure;<<Der Druck in der Arbeitswelt kann manchmal hoch sein.>> (The pressure in the work environment can sometimes be high.)
Durst;Noun;Thirst;<<Ich habe großen Durst nach einem langen Lauf.>> (I am very thirsty after a long run.)
Ei;Noun;Egg;<<Kannst du bitte ein Ei für mich kochen?>> (Can you please cook an egg for me?)
Eis;Noun;Ice;<<Im Sommer esse ich gerne ein erfrischendes Eis.>> (In summer, I enjoy eating a refreshing ice cream.)
Ente;Noun;Duck;<<Die Enten schwimmen im Teich.>> (The ducks are swimming in the pond.)
Erde;Noun;Earth;<<Die Erde ist unser Planet.>> (The Earth is our planet.)
Fahrzeug;Noun;Vehicle;<<Das Auto ist ein häufig verwendetes Fahrzeug.>> (The car is a commonly used vehicle.)
Familie;Noun;Family;<<Meine Familie bedeutet mir sehr viel.>> (My family means a lot to me.)
Feuer;Noun;Fire;<<Das Feuer im Kamin knistert gemütlich.>> (The fire in the fireplace crackles cozily.)
Fisch;Noun;Fish;<<Ich esse gerne Fisch, besonders Lachs.>> (I enjoy eating fish, especially salmon.)
Flasche;Noun;Bottle;<<Kannst du bitte eine Flasche Wasser aus dem Kühlschrank holen?>> (Can you please fetch a bottle of water from the fridge?)
Flugzeug;Noun;Airplane;<<Ich fliege mit dem Flugzeug in den Urlaub.>> (I am flying by airplane for my vacation.)
Frosch;Noun;Frog;<<Der Frosch quakt laut im Teich.>> (The frog croaks loudly in the pond.)
Frühling;Noun;Spring;<<Im Frühling blühen die Blumen wieder auf.>> (In spring, the flowers bloom again.)
Fuß;Noun;Foot;<<Meine Füße tun nach dem langen Spaziergang weh.>> (My feet hurt after the long walk.)
Garten;Noun;Garden;<<Ich arbeite gerne in meinem Garten.>> (I enjoy working in my garden.)
Geburtstag;Noun;Birthday;<<Heute ist mein Geburtstag.>> (Today is my birthday.)
Geld;Noun;Money;<<Ich muss Geld abheben, um Rechnungen zu bezahlen.>> (I need to withdraw money to pay bills.)
Geschenk;Noun;Gift;<<Das Geschenk war sehr liebevoll verpackt.>> (The gift was beautifully wrapped.)
Gesicht;Noun;Face;<<Sie hat ein hübsches Gesicht.>> (She has a pretty face.)
Glas;Noun;Glass;<<Trinkst du Wasser aus einem Glas oder einer Flasche?>> (Do you drink water from a glass or a bottle?)
Glocke;Noun;Bell;<<Die Glocke läutet zur Messe.>> (The bell rings for the mass.)
Gras;Noun;Grass;<<Das Gras ist frisch gemäht.>> (The grass is freshly mowed.)
Grippe;Noun;Flu;<<Ich habe mich mit der Grippe angesteckt.>> (I caught the flu.)
Großeltern;Noun;Grandparents;<<Meine Großeltern sind sehr lieb.>> (My grandparents are very kind.)
Hahn;Noun;Rooster;<<Der Hahn kräht früh am Morgen.>> (The rooster crows early in the morning.)
Haus;Noun;House;<<Unser Haus hat einen großen Garten.>> (Our house has a big garden.)
Himmel;Noun;Sky;<<Der Himmel ist heute wolkenlos.>> (The sky is cloudless today.)
Hund;Noun;Dog;<<Mein Hund ist mein treuer Begleiter.>> (My dog is my loyal companion.)
Hunger;Noun;Hunger;<<Ich habe großen Hunger nach dem Training.>> (I am very hungry after the workout.)
Jahr;Noun;Year;<<Das Jahr hat 365 Tage.>> (The year has 365 days.)
Kaffee;Noun;Coffee;<<Morgens trinke ich immer eine Tasse Kaffee.>> (I always have a cup of coffee in the morning.)
Käse;Noun;Cheese;<<Ich esse gerne Käse auf meinem Brot.>> (I enjoy eating cheese on my bread.)
Keller;Noun;Basement;<<Die Weinkeller sind kühl und dunkel.>> (The wine cellars are cool and dark.)
Kinder;Noun;Children;<<Die Kinder spielen fröhlich im Park.>> (The children are playing happily in the park.)
Kino;Noun;Cinema;<<Lass uns ins Kino gehen und einen Film anschauen.>> (Let's go to the cinema and watch a movie.)
Kleid;Noun;Dress;<<Sie trägt ein schönes Kleid zur Party.>> (She is wearing a beautiful dress to the party.)
Kochen;Verb;To cook;<<Ich liebe es, zu kochen und neue Rezepte auszuprobieren.>> (I love to cook and try out new recipes.)
Kopf;Noun;Head;<<Ich habe Kopfschmerzen und brauche eine Aspirin.>> (I have a headache and need an aspirin.)
Küche;Noun;Kitchen;<<Die Küche ist der Ort, an dem ich gerne koche.>> (The kitchen is the place where I enjoy cooking.)
Kühlschrank;Noun;Refrigerator;<<Bitte lege die Milch in den Kühlschrank.>> (Please put the milk in the refrigerator.)
Kunst;Noun;Art;<<Die Malerei ist eine Form der Kunst.>> (Painting is a form of art.)
Lächeln;Verb;To smile;<<Sie lächelte, als sie das Geschenk sah.>> (She smiled when she saw the gift.)
Lampe;Noun;Lamp;<<Die Lampe gibt warmes Licht im Raum.>> (The lamp gives warm light in the room.)
Landschaft;Noun;Landscape;<<Die Landschaft ist wunderschön mit den grünen Hügeln.>> (The landscape is beautiful with the green hills.)
Laptop;Noun;Laptop;<<Ich arbeite oft auf meinem Laptop.>> (I often work on my laptop.)
Laufen;Verb;To run;<<Ich gehe jeden Morgen laufen, um fit zu bleiben.>> (I go running every morning to stay fit.)
Leben;Noun;Life;<<Das Leben ist voller Überraschungen.>> (Life is full of surprises.)
Lehrer;Noun;Teacher;<<Der Lehrer unterrichtet Mathematik.>> (The teacher teaches mathematics.)
Leicht;Adjective;Light;<<Das Gepäck ist leicht und einfach zu tragen.>> (The luggage is light and easy to carry.)
Leiter;Noun;Ladder;<<Er kletterte die Leiter hoch, um das Fenster zu reparieren.>> (He climbed the ladder to fix the window.)
Lernen;Verb;To learn;<<Ich lerne gerne neue Dinge und erweitere mein Wissen.>> (I enjoy learning new things and expanding my knowledge.)
Lesen;Verb;To read;<<Sie liebt es, Bücher zu lesen und in andere Welten einzutauchen.>> (She loves to read books and immerse herself in other worlds.)
Leute;Noun;People;<<Die Leute sind unterschiedlich und einzigartig.>> (People are diverse and unique.)
Liebe;Noun;Love;<<Die Liebe ist ein starkes Gefühl.>> (Love is a strong emotion.)